,State,District,Crop,Season,Area (Hectare),TotalDistrictArea,TopTwoCropAreaPercent
0,Bihar, ARARIA,Wheat,Rabi       ,59203.0,72947.0,0.8115892360206726
1,Bihar, ARARIA,Maize,Rabi       ,4985.0,72947.0,0.0683372859747488
2,Bihar, ARWAL,Wheat,Rabi       ,9417.0,16060.0,0.5863636363636363
3,Bihar, ARWAL,Masoor,Rabi       ,2755.0,16060.0,0.17154420921544208
4,Bihar, AURANGABAD,Wheat,Rabi       ,62504.0,108038.0,0.5785371813621133
5,Bihar, AURANGABAD,Masoor,Rabi       ,16277.0,108038.0,0.1506599529795072
6,Bihar, BANKA,Wheat,Rabi       ,27209.0,34739.0,0.783240738075362
7,Bihar, BANKA,Gram,Rabi       ,2667.0,34739.0,0.0767725035262961
8,Bihar, BEGUSARAI,Wheat,Rabi       ,56831.0,76726.0,0.7407006751296823
9,Bihar, BEGUSARAI,Maize,Rabi       ,16621.0,76726.0,0.2166280009384042
10,Bihar, BHAGALPUR,Wheat,Rabi       ,41716.0,64145.0,0.6503390755319978
11,Bihar, BHAGALPUR,Maize,Rabi       ,7784.0,64145.0,0.12135006625613844
12,Bihar, BHOJPUR,Wheat,Rabi       ,76961.0,102717.0,0.7492528013863333
13,Bihar, BHOJPUR,Masoor,Rabi       ,11757.0,102717.0,0.1144601185782295
14,Bihar, BUXAR,Wheat,Rabi       ,76182.0,89322.0,0.8528917847786659
15,Bihar, BUXAR,Masoor,Rabi       ,4462.0,89322.0,0.04995409865430689
16,Bihar, DARBHANGA,Wheat,Rabi       ,81686.0,94847.0,0.8612396807489957
17,Bihar, DARBHANGA,Maize,Rabi       ,8959.0,94847.0,0.09445738926903328
18,Bihar, GAYA,Wheat,Rabi       ,46676.0,58945.0,0.7918568156756298
19,Bihar, GAYA,Masoor,Rabi       ,4318.0,58945.0,0.0732547289846467
20,Bihar, GOPALGANJ,Wheat,Rabi       ,83878.0,117536.0,0.7136366730193302
21,Bihar, GOPALGANJ,Sugarcane,Whole Year ,26926.0,117536.0,0.22908725837190308
22,Bihar, JAMUI,Wheat,Rabi       ,6859.0,7736.0,0.8866339193381593
23,Bihar, JAMUI,Gram,Rabi       ,376.0,7736.0,0.04860392967942089
24,Bihar, JEHANABAD,Wheat,Rabi       ,33410.0,49708.0,0.6721252112336042
25,Bihar, JEHANABAD,Khesari,Rabi       ,6568.0,49708.0,0.1321316488291623
26,Bihar, KAIMUR BHABUA,Wheat,Rabi       ,68351.0,86044.0,0.7943726465529264
27,Bihar, KAIMUR BHABUA,Gram,Rabi       ,6378.0,86044.0,0.07412486634745014
28,Bihar, KATIHAR,Wheat,Rabi       ,35219.0,58449.0,0.6025594963130251
29,Bihar, KATIHAR,Maize,Rabi       ,19041.0,58449.0,0.32577118513575937
30,Bihar, KHAGARIA,Wheat,Rabi       ,32785.0,69107.0,0.474409249424805
31,Bihar, KHAGARIA,Maize,Rabi       ,32412.0,69107.0,0.469011822246661
32,Bihar, KISHANGANJ,Wheat,Rabi       ,20434.0,25643.0,0.7968646414226105
33,Bihar, KISHANGANJ,Linseed,Rabi       ,2422.0,25643.0,0.09445072729399837
34,Bihar, LAKHISARAI,Wheat,Rabi       ,27384.0,40287.0,0.6797229875642267
35,Bihar, LAKHISARAI,Masoor,Rabi       ,4911.0,40287.0,0.12190036488197185
36,Bihar, MADHEPURA,Wheat,Rabi       ,38874.0,65842.0,0.590413413930318
37,Bihar, MADHEPURA,Maize,Rabi       ,17627.0,65842.0,0.2677166550226299
38,Bihar, MADHUBANI,Wheat,Rabi       ,95278.0,106677.0,0.8931447266046102
39,Bihar, MADHUBANI,Masoor,Rabi       ,8274.0,106677.0,0.07756123625523777
40,Bihar, MUNGER,Wheat,Rabi       ,17462.0,20475.0,0.8528449328449328
41,Bihar, MUNGER,Gram,Rabi       ,993.0,20475.0,0.0484981684981685
42,Bihar, MUZAFFARPUR,Wheat,Rabi       ,102522.0,115472.0,0.8878516003879728
43,Bihar, MUZAFFARPUR,Maize,Rabi       ,9812.0,115472.0,0.08497298046279618
44,Bihar, NALANDA,Wheat,Rabi       ,82913.0,112997.0,0.7337628432613256
45,Bihar, NALANDA,Masoor,Rabi       ,21156.0,112997.0,0.18722620954538616
46,Bihar, NAWADA,Wheat,Rabi       ,54636.0,60194.0,0.9076652158022395
47,Bihar, NAWADA,Masoor,Rabi       ,3375.0,60194.0,0.05606871116722597
48,Bihar, PASHCHIM CHAMPARAN,Wheat,Rabi       ,82065.0,126124.0,0.6506691827090799
49,Bihar, PASHCHIM CHAMPARAN,Sugarcane,Whole Year ,21226.0,126124.0,0.16829469411055786
50,Bihar, PATNA,Wheat,Rabi       ,60276.0,108334.0,0.5563904222127863
51,Bihar, PATNA,Masoor,Rabi       ,28840.0,108334.0,0.2662137463769454
52,Bihar, PURBI CHAMPARAN,Wheat,Rabi       ,98334.0,121317.0,0.8105541680061327
53,Bihar, PURBI CHAMPARAN,Masoor,Rabi       ,8114.0,121317.0,0.0668826298045616
54,Bihar, PURNIA,Wheat,Rabi       ,42230.0,58786.0,0.7183683189875141
55,Bihar, PURNIA,Maize,Rabi       ,10748.0,58786.0,0.18283264722893205
56,Bihar, ROHTAS,Wheat,Rabi       ,111012.0,126927.0,0.8746129665083079
57,Bihar, ROHTAS,Khesari,Rabi       ,5320.0,126927.0,0.041913855995966184
58,Bihar, SAHARSA,Wheat,Rabi       ,38927.0,52892.0,0.7359714134462678
59,Bihar, SAHARSA,Maize,Rabi       ,11220.0,52892.0,0.21213037888527567
60,Bihar, SAMASTIPUR,Wheat,Rabi       ,60483.0,95732.0,0.6317950110725776
61,Bihar, SAMASTIPUR,Maize,Rabi       ,25564.0,95732.0,0.2670371453641416
62,Bihar, SARAN,Wheat,Rabi       ,92333.0,99572.0,0.9272988390310529
63,Bihar, SARAN,Maize,Rabi       ,6099.0,99572.0,0.061252159241553854
64,Bihar, SHEIKHPURA,Wheat,Rabi       ,22380.0,28755.0,0.7782994261867501
65,Bihar, SHEIKHPURA,Masoor,Rabi       ,2980.0,28755.0,0.10363415058250738
66,Bihar, SHEOHAR,Wheat,Rabi       ,10252.0,15965.0,0.6421547134356405
67,Bihar, SHEOHAR,Sugarcane,Whole Year ,3192.0,15965.0,0.1999373629815221
68,Bihar, SITAMARHI,Wheat,Rabi       ,61778.0,74292.0,0.8315565605987185
69,Bihar, SITAMARHI,Masoor,Rabi       ,6817.0,74292.0,0.0917595434232488
70,Bihar, SIWAN,Wheat,Rabi       ,97490.0,105546.0,0.9236730904060788
71,Bihar, SIWAN,Maize,Rabi       ,3719.0,105546.0,0.03523582134803782
72,Bihar, SUPAUL,Wheat,Rabi       ,49926.0,61924.0,0.8062463665137911
73,Bihar, SUPAUL,Sunflower,Rabi       ,5145.0,61924.0,0.08308571797687488
74,Bihar, VAISHALI,Wheat,Rabi       ,50222.0,62550.0,0.8029096722621902
75,Bihar, VAISHALI,Maize,Rabi       ,7145.0,62550.0,0.11422861710631495
76,Chhattisgarh, BASTAR,Gram,Rabi       ,863.0,3764.0,0.22927736450584485
77,Chhattisgarh, BASTAR,Wheat,Rabi       ,817.0,3764.0,0.21705632306057385
78,Chhattisgarh, BIJAPUR,Moong(Green Gram),Rabi       ,387.0,808.0,0.47896039603960394
79,Chhattisgarh, BIJAPUR,Horse-gram,Rabi       ,243.0,808.0,0.30074257425742573
80,Chhattisgarh, BILASPUR,Khesari,Rabi       ,66076.0,119595.0,0.5524980141310255
81,Chhattisgarh, BILASPUR,Gram,Rabi       ,27224.0,119595.0,0.22763493457084327
82,Chhattisgarh, DANTEWADA,Moong(Green Gram),Rabi       ,327.0,351.0,0.9316239316239316
83,Chhattisgarh, DANTEWADA,Sannhamp,Whole Year ,15.0,351.0,0.042735042735042736
84,Chhattisgarh, DHAMTARI,Khesari,Rabi       ,24456.0,51036.0,0.47919115918175403
85,Chhattisgarh, DHAMTARI,Gram,Rabi       ,12829.0,51036.0,0.2513715808448938
86,Chhattisgarh, DURG,Gram,Rabi       ,101459.0,231410.0,0.438438269737695
87,Chhattisgarh, DURG,Khesari,Rabi       ,89347.0,231410.0,0.38609826714489437
88,Chhattisgarh, JANJGIRCHAMPA,Khesari,Rabi       ,21954.0,28290.0,0.776033934252386
89,Chhattisgarh, JANJGIRCHAMPA,Wheat,Rabi       ,2810.0,28290.0,0.09932838458819371
90,Chhattisgarh, JASHPUR,Potato,Whole Year ,2438.0,8347.0,0.2920809871810231
91,Chhattisgarh, JASHPUR,Wheat,Rabi       ,1335.0,8347.0,0.15993770216844375
92,Chhattisgarh, KABIRDHAM,Gram,Rabi       ,63608.0,80966.0,0.7856137143986365
93,Chhattisgarh, KABIRDHAM,Khesari,Rabi       ,6308.0,80966.0,0.07790924585628535
94,Chhattisgarh, KANKER,Peas & beans (Pulses),Rabi       ,1981.0,7123.0,0.27811315456970376
95,Chhattisgarh, KANKER,Khesari,Rabi       ,1855.0,7123.0,0.2604239786606767
96,Chhattisgarh, KORBA,Khesari,Rabi       ,2931.0,6217.0,0.4714492520508284
97,Chhattisgarh, KORBA,Linseed,Rabi       ,1493.0,6217.0,0.24014798134148302
98,Chhattisgarh, KOREA,Wheat,Rabi       ,4020.0,7870.0,0.5108005082592122
99,Chhattisgarh, KOREA,Linseed,Rabi       ,1433.0,7870.0,0.1820838627700127
100,Chhattisgarh, MAHASAMUND,Khesari,Rabi       ,7018.0,9940.0,0.7060362173038229
101,Chhattisgarh, MAHASAMUND,Wheat,Rabi       ,1358.0,9940.0,0.13661971830985917
102,Chhattisgarh, NARAYANPUR,Gram,Rabi       ,42.0,89.0,0.47191011235955055
103,Chhattisgarh, NARAYANPUR,Sweet potato,Whole Year ,17.0,89.0,0.19101123595505617
104,Chhattisgarh, RAIGARH,Wheat,Rabi       ,2377.0,10949.0,0.2170974518220842
105,Chhattisgarh, RAIGARH,Moong(Green Gram),Rabi       ,2127.0,10949.0,0.19426431637592473
106,Chhattisgarh, RAIPUR,Khesari,Rabi       ,65974.0,92800.0,0.710926724137931
107,Chhattisgarh, RAIPUR,Wheat,Rabi       ,8516.0,92800.0,0.09176724137931035
108,Chhattisgarh, RAJNANDGAON,Gram,Rabi       ,42753.0,106687.0,0.40073298527468204
109,Chhattisgarh, RAJNANDGAON,Khesari,Rabi       ,38206.0,106687.0,0.3581129847122892
110,Chhattisgarh, SURGUJA,Wheat,Rabi       ,20445.0,51188.0,0.39941001797296244
111,Chhattisgarh, SURGUJA,Linseed,Rabi       ,9631.0,51188.0,0.18814956630460264
112,Gujarat, AHMADABAD,Wheat,Rabi       ,91500.0,96200.0,0.9511434511434511
113,Gujarat, AHMADABAD,Gram,Rabi       ,4400.0,96200.0,0.04573804573804574
114,Gujarat, AMRELI,Wheat,Rabi       ,9100.0,11300.0,0.8053097345132744
115,Gujarat, AMRELI,Gram,Rabi       ,1800.0,11300.0,0.1592920353982301
116,Gujarat, ANAND,Wheat,Rabi       ,48300.0,69600.0,0.6939655172413793
117,Gujarat, ANAND,Tobacco,Rabi       ,13900.0,69600.0,0.1997126436781609
118,Gujarat, BANAS KANTHA,Wheat,Rabi       ,65000.0,130000.0,0.5
119,Gujarat, BANAS KANTHA,Guar seed,Whole Year ,43300.0,130000.0,0.3330769230769231
120,Gujarat, BHARUCH,Wheat,Rabi       ,18400.0,54000.0,0.34074074074074073
121,Gujarat, BHARUCH,Sugarcane,Whole Year ,17600.0,54000.0,0.32592592592592595
122,Gujarat, BHAVNAGAR,Wheat,Rabi       ,5400.0,6100.0,0.8852459016393442
123,Gujarat, BHAVNAGAR,Gram,Rabi       ,500.0,6100.0,0.08196721311475409
124,Gujarat, DANG,Other  Rabi pulses,Rabi       ,1900.0,4200.0,0.4523809523809524
125,Gujarat, DANG,Gram,Rabi       ,1400.0,4200.0,0.3333333333333333
126,Gujarat, DOHAD,Gram,Rabi       ,44300.0,77500.0,0.5716129032258065
127,Gujarat, DOHAD,Wheat,Rabi       ,32900.0,77500.0,0.42451612903225805
128,Gujarat, GANDHINAGAR,Wheat,Rabi       ,29100.0,37300.0,0.7801608579088471
129,Gujarat, GANDHINAGAR,Potato,Whole Year ,5100.0,37300.0,0.13672922252010725
130,Gujarat, JAMNAGAR,Wheat,Rabi       ,36000.0,60500.0,0.5950413223140496
131,Gujarat, JAMNAGAR,Gram,Rabi       ,22900.0,60500.0,0.3785123966942149
132,Gujarat, JUNAGADH,Wheat,Rabi       ,120500.0,141600.0,0.8509887005649718
133,Gujarat, JUNAGADH,Sugarcane,Whole Year ,10100.0,141600.0,0.0713276836158192
134,Gujarat, KACHCHH,Guar seed,Whole Year ,59700.0,85400.0,0.6990632318501171
135,Gujarat, KACHCHH,Wheat,Rabi       ,25300.0,85400.0,0.2962529274004684
136,Gujarat, KHEDA,Wheat,Rabi       ,65500.0,108700.0,0.6025758969641214
137,Gujarat, KHEDA,Tobacco,Rabi       ,35400.0,108700.0,0.32566697332106714
138,Gujarat, MAHESANA,Wheat,Rabi       ,73200.0,84000.0,0.8714285714285714
139,Gujarat, MAHESANA,Guar seed,Whole Year ,6500.0,84000.0,0.07738095238095238
140,Gujarat, NARMADA,Sugarcane,Whole Year ,3900.0,9900.0,0.3939393939393939
141,Gujarat, NARMADA,Jowar,Rabi       ,2900.0,9900.0,0.29292929292929293
142,Gujarat, NAVSARI,Sugarcane,Whole Year ,25800.0,33600.0,0.7678571428571429
143,Gujarat, NAVSARI,Other  Rabi pulses,Rabi       ,4100.0,33600.0,0.12202380952380952
144,Gujarat, PANCH MAHALS,Wheat,Rabi       ,15300.0,27600.0,0.5543478260869565
145,Gujarat, PANCH MAHALS,Gram,Rabi       ,9200.0,27600.0,0.3333333333333333
146,Gujarat, PATAN,Wheat,Rabi       ,29300.0,41500.0,0.7060240963855422
147,Gujarat, PATAN,Guar seed,Whole Year ,9700.0,41500.0,0.23373493975903614
148,Gujarat, PORBANDAR,Jowar,Rabi       ,15900.0,25500.0,0.6235294117647059
149,Gujarat, PORBANDAR,Gram,Rabi       ,7200.0,25500.0,0.2823529411764706
150,Gujarat, RAJKOT,Wheat,Rabi       ,40600.0,46000.0,0.8826086956521739
151,Gujarat, RAJKOT,Gram,Rabi       ,4900.0,46000.0,0.10652173913043478
152,Gujarat, SABAR KANTHA,Wheat,Rabi       ,104500.0,122400.0,0.8537581699346405
153,Gujarat, SABAR KANTHA,Guar seed,Whole Year ,7800.0,122400.0,0.06372549019607843
154,Gujarat, SURAT,Sugarcane,Whole Year ,101400.0,118000.0,0.8593220338983051
155,Gujarat, SURAT,Wheat,Rabi       ,9200.0,118000.0,0.07796610169491526
156,Gujarat, SURENDRANAGAR,Wheat,Rabi       ,28600.0,36000.0,0.7944444444444444
157,Gujarat, SURENDRANAGAR,Gram,Rabi       ,7200.0,36000.0,0.2
158,Gujarat, TAPI,Sugarcane,Whole Year ,15800.0,26000.0,0.6076923076923076
159,Gujarat, TAPI,Wheat,Rabi       ,4000.0,26000.0,0.15384615384615385
160,Gujarat, VADODARA,Wheat,Rabi       ,20100.0,45600.0,0.4407894736842105
161,Gujarat, VADODARA,Tobacco,Rabi       ,12200.0,45600.0,0.2675438596491228
162,Gujarat, VALSAD,Sugarcane,Whole Year ,8600.0,17600.0,0.48863636363636365
163,Gujarat, VALSAD,Other  Rabi pulses,Rabi       ,8000.0,17600.0,0.45454545454545453
164,Haryana, AMBALA,Wheat,Rabi       ,86872.0,99480.0,0.8732609569762766
165,Haryana, AMBALA,Sugarcane,Whole Year ,9639.0,99480.0,0.09689384800965017
166,Haryana, BHIWANI,Wheat,Rabi       ,156606.0,226322.0,0.6919610113024806
167,Haryana, BHIWANI,Gram,Rabi       ,58116.0,226322.0,0.2567845812603282
168,Haryana, FARIDABAD,Wheat,Rabi       ,33850.0,34725.0,0.9748020158387329
169,Haryana, FARIDABAD,Sugarcane,Whole Year ,801.0,34725.0,0.02306695464362851
170,Haryana, FATEHABAD,Wheat,Rabi       ,185806.0,190299.0,0.9763897865989837
171,Haryana, FATEHABAD,Barley,Rabi       ,3679.0,190299.0,0.019332734276060304
172,Haryana, GURGAON,Wheat,Rabi       ,51610.0,53325.0,0.9678387248007502
173,Haryana, GURGAON,Barley,Rabi       ,1676.0,53325.0,0.03142991092358181
174,Haryana, HISAR,Wheat,Rabi       ,225178.0,243705.0,0.9239777599967174
175,Haryana, HISAR,Gram,Rabi       ,10579.0,243705.0,0.04340903961757042
176,Haryana, JHAJJAR,Wheat,Rabi       ,101063.0,105027.0,0.962257324307083
177,Haryana, JHAJJAR,Barley,Rabi       ,2611.0,105027.0,0.024860274024774583
178,Haryana, JIND,Wheat,Rabi       ,215241.0,217314.0,0.9904608078632762
179,Haryana, JIND,Sugarcane,Whole Year ,1201.0,217314.0,0.005526565246601692
180,Haryana, KAITHAL,Wheat,Rabi       ,171732.0,175243.0,0.9799649629371786
181,Haryana, KAITHAL,Sugarcane,Whole Year ,2926.0,175243.0,0.016696815279354953
182,Haryana, KARNAL,Wheat,Rabi       ,171412.0,180792.0,0.9481171733262533
183,Haryana, KARNAL,Sugarcane,Whole Year ,8000.0,180792.0,0.04424974556396301
184,Haryana, KURUKSHETRA,Wheat,Rabi       ,114204.0,139750.0,0.8172021466905188
185,Haryana, KURUKSHETRA,Sugarcane,Whole Year ,13833.0,139750.0,0.09898389982110913
186,Haryana, MAHENDRAGARH,Wheat,Rabi       ,40736.0,44788.0,0.9095293382155935
187,Haryana, MAHENDRAGARH,Gram,Rabi       ,3254.0,44788.0,0.07265338930070554
188,Haryana, MEWAT,Wheat,Rabi       ,73702.0,76917.0,0.9582016979341368
189,Haryana, MEWAT,Masoor,Rabi       ,1606.0,76917.0,0.02087964949230989
190,Haryana, PALWAL,Wheat,Rabi       ,98609.0,101806.0,0.968597135728739
191,Haryana, PALWAL,Sugarcane,Whole Year ,2218.0,101806.0,0.02178653517474412
192,Haryana, PANCHKULA,Wheat,Rabi       ,15675.0,16701.0,0.9385665529010239
193,Haryana, PANCHKULA,Potato,Whole Year ,622.0,16701.0,0.03724327884557811
194,Haryana, PANIPAT,Wheat,Rabi       ,86736.0,91132.0,0.9517622788921565
195,Haryana, PANIPAT,Sugarcane,Whole Year ,3960.0,91132.0,0.043453452135364085
196,Haryana, REWARI,Wheat,Rabi       ,48607.0,50778.0,0.9572452636968766
197,Haryana, REWARI,Barley,Rabi       ,1682.0,50778.0,0.03312458151167828
198,Haryana, ROHTAK,Wheat,Rabi       ,103726.0,110380.0,0.9397173400978438
199,Haryana, ROHTAK,Sugarcane,Whole Year ,4291.0,110380.0,0.038874796158724405
200,Haryana, SIRSA,Wheat,Rabi       ,279213.0,296451.0,0.9418521104668225
201,Haryana, SIRSA,Barley,Rabi       ,9235.0,296451.0,0.031151859835183555
202,Haryana, SONIPAT,Wheat,Rabi       ,141427.0,146057.0,0.9683000472418303
203,Haryana, SONIPAT,Sugarcane,Whole Year ,3718.0,146057.0,0.0254558151954374
204,Haryana, YAMUNANAGAR,Wheat,Rabi       ,85751.0,114015.0,0.7521027934920844
205,Haryana, YAMUNANAGAR,Sugarcane,Whole Year ,25373.0,114015.0,0.2225408937420515
206,Madhya Pradesh, ALIRAJPUR,Maize,Whole Year ,38269.0,113378.0,0.337534618709097
207,Madhya Pradesh, ALIRAJPUR,Bajra,Whole Year ,16308.0,113378.0,0.14383742877806982
208,Madhya Pradesh, ANUPPUR,Rice,Whole Year ,97064.0,159598.0,0.6081780473439516
209,Madhya Pradesh, ANUPPUR,Wheat,Whole Year ,13072.0,159598.0,0.08190578829308638
210,Madhya Pradesh, ASHOKNAGAR,Gram,Whole Year ,132722.0,347494.0,0.3819404076041601
211,Madhya Pradesh, ASHOKNAGAR,Wheat,Whole Year ,109105.0,347494.0,0.313976644201051
212,Madhya Pradesh, BALAGHAT,Rice,Whole Year ,247791.0,315223.0,0.7860815993756801
213,Madhya Pradesh, BALAGHAT,Linseed,Whole Year ,15659.0,315223.0,0.049675943697001804
214,Madhya Pradesh, BARWANI,Maize,Whole Year ,31887.0,131793.0,0.24194759964489768
215,Madhya Pradesh, BARWANI,Wheat,Whole Year ,31879.0,131793.0,0.24188689839369315
216,Madhya Pradesh, BETUL,Soyabean,Whole Year ,210304.0,525516.0,0.4001857222234908
217,Madhya Pradesh, BETUL,Wheat,Whole Year ,116695.0,525516.0,0.2220579392444759
218,Madhya Pradesh, BHIND,Wheat,Whole Year ,84642.0,171220.0,0.49434645485340495
219,Madhya Pradesh, BHIND,Bajra,Whole Year ,33206.0,171220.0,0.19393762410933302
220,Madhya Pradesh, BHOPAL,Soyabean,Whole Year ,103292.0,223249.0,0.46267620459666114
221,Madhya Pradesh, BHOPAL,Wheat,Whole Year ,72028.0,223249.0,0.32263526376377943
222,Madhya Pradesh, BURHANPUR,Soyabean,Whole Year ,15068.0,41905.0,0.359575229686195
223,Madhya Pradesh, BURHANPUR,Wheat,Whole Year ,10799.0,41905.0,0.2577019448753132
224,Madhya Pradesh, CHHATARPUR,Wheat,Whole Year ,142689.0,422612.0,0.337635940295117
225,Madhya Pradesh, CHHATARPUR,Gram,Whole Year ,91756.0,422612.0,0.21711640937786905
226,Madhya Pradesh, CHHINDWARA,Soyabean,Whole Year ,157217.0,486901.0,0.3228931548713188
227,Madhya Pradesh, CHHINDWARA,Wheat,Whole Year ,111114.0,486901.0,0.22820655533671116
228,Madhya Pradesh, DAMOH,Gram,Whole Year ,151379.0,410295.0,0.3689516079893735
229,Madhya Pradesh, DAMOH,Soyabean,Whole Year ,90993.0,410295.0,0.22177457682886703
230,Madhya Pradesh, DATIA,Wheat,Whole Year ,123889.0,223653.0,0.5539339959669667
231,Madhya Pradesh, DATIA,Sesamum,Whole Year ,41914.0,223653.0,0.18740638399663764
232,Madhya Pradesh, DEWAS,Soyabean,Whole Year ,306593.0,567713.0,0.5400492854664241
233,Madhya Pradesh, DEWAS,Gram,Whole Year ,137658.0,567713.0,0.24247815357407704
234,Madhya Pradesh, DHAR,Soyabean,Whole Year ,268058.0,594680.0,0.4507600726441111
235,Madhya Pradesh, DHAR,Wheat,Whole Year ,158890.0,594680.0,0.26718571332481333
236,Madhya Pradesh, DINDORI,Rice,Whole Year ,69269.0,205319.0,0.3373725763324388
237,Madhya Pradesh, DINDORI,Wheat,Whole Year ,31749.0,205319.0,0.15463254740184787
238,Madhya Pradesh, GUNA,Soyabean,Whole Year ,188948.0,376099.0,0.5023889986413151
239,Madhya Pradesh, GUNA,Gram,Whole Year ,83644.0,376099.0,0.22239888965405386
240,Madhya Pradesh, GWALIOR,Wheat,Whole Year ,83400.0,173996.0,0.47932136370951056
241,Madhya Pradesh, GWALIOR,Sesamum,Whole Year ,24064.0,173996.0,0.13830202993172258
242,Madhya Pradesh, HARDA,Soyabean,Whole Year ,172778.0,332223.0,0.5200663409818104
243,Madhya Pradesh, HARDA,Wheat,Whole Year ,131290.0,332223.0,0.39518636578442795
244,Madhya Pradesh, HOSHANGABAD,Wheat,Whole Year ,232477.0,513374.0,0.4528413982788376
245,Madhya Pradesh, HOSHANGABAD,Soyabean,Whole Year ,214734.0,513374.0,0.4182798505572935
246,Madhya Pradesh, INDORE,Soyabean,Whole Year ,226819.0,420859.0,0.5389429713989721
247,Madhya Pradesh, INDORE,Wheat,Whole Year ,101511.0,420859.0,0.24119954664151178
248,Madhya Pradesh, JABALPUR,Wheat,Whole Year ,95395.0,311842.0,0.3059081201377621
249,Madhya Pradesh, JABALPUR,Gram,Whole Year ,66531.0,311842.0,0.21334842644672622
250,Madhya Pradesh, JHABUA,Maize,Whole Year ,68358.0,172162.0,0.3970562609635111
251,Madhya Pradesh, JHABUA,Soyabean,Whole Year ,43683.0,172162.0,0.25373195013998445
252,Madhya Pradesh, KATNI,Rice,Whole Year ,69608.0,202586.0,0.3435972870780804
253,Madhya Pradesh, KATNI,Wheat,Whole Year ,66642.0,202586.0,0.32895659127481663
254,Madhya Pradesh, KHANDWA,Soyabean,Whole Year ,154441.0,275820.0,0.5599340149372779
255,Madhya Pradesh, KHANDWA,Wheat,Whole Year ,72002.0,275820.0,0.2610470596766007
256,Madhya Pradesh, KHARGONE,Wheat,Whole Year ,82828.0,191126.0,0.4333685631468246
257,Madhya Pradesh, KHARGONE,Soyabean,Whole Year ,48200.0,191126.0,0.2521896549919948
258,Madhya Pradesh, MANDLA,Rice,Whole Year ,110841.0,218497.0,0.5072884295894223
259,Madhya Pradesh, MANDLA,Wheat,Whole Year ,29737.0,218497.0,0.13609797846194685
260,Madhya Pradesh, MANDSAUR,Soyabean,Whole Year ,262564.0,417035.0,0.6295970362199815
261,Madhya Pradesh, MANDSAUR,Wheat,Whole Year ,63723.0,417035.0,0.15280012468977425
262,Madhya Pradesh, MORENA,Bajra,Whole Year ,91537.0,194477.0,0.47068290851874517
263,Madhya Pradesh, MORENA,Wheat,Whole Year ,81506.0,194477.0,0.4191035443779984
264,Madhya Pradesh, NARSINGHPUR,Gram,Whole Year ,128950.0,381806.0,0.33773696589367375
265,Madhya Pradesh, NARSINGHPUR,Soyabean,Whole Year ,79677.0,381806.0,0.20868451517262693
266,Madhya Pradesh, NEEMUCH,Soyabean,Whole Year ,120011.0,199264.0,0.6022713585996466
267,Madhya Pradesh, NEEMUCH,Maize,Whole Year ,30055.0,199264.0,0.15083005460093143
268,Madhya Pradesh, PANNA,Gram,Whole Year ,99368.0,308755.0,0.3218344642192029
269,Madhya Pradesh, PANNA,Wheat,Whole Year ,68249.0,308755.0,0.22104581302327087
270,Madhya Pradesh, RAISEN,Wheat,Whole Year ,185266.0,563967.0,0.32850503664221486
271,Madhya Pradesh, RAISEN,Gram,Whole Year ,144768.0,563967.0,0.25669587050306136
272,Madhya Pradesh, RAJGARH,Soyabean,Whole Year ,292054.0,566305.0,0.5157185615525203
273,Madhya Pradesh, RAJGARH,Gram,Whole Year ,129782.0,566305.0,0.22917332532822418
274,Madhya Pradesh, RATLAM,Soyabean,Whole Year ,208186.0,417876.0,0.49820042309201773
275,Madhya Pradesh, RATLAM,Gram,Whole Year ,79014.0,417876.0,0.18908480027567987
276,Madhya Pradesh, REWA,Wheat,Whole Year ,155731.0,437610.0,0.3558670962729371
277,Madhya Pradesh, REWA,Rice,Whole Year ,124866.0,437610.0,0.2853362583121958
278,Madhya Pradesh, SAGAR,Soyabean,Whole Year ,308548.0,758649.0,0.40670718606364736
279,Madhya Pradesh, SAGAR,Gram,Whole Year ,186252.0,758649.0,0.2455048382058106
280,Madhya Pradesh, SATNA,Wheat,Whole Year ,143238.0,434686.0,0.32952061948164885
281,Madhya Pradesh, SATNA,Gram,Whole Year ,90463.0,434686.0,0.20811114229581812
282,Madhya Pradesh, SEHORE,Soyabean,Whole Year ,284444.0,614486.0,0.46289744599551497
283,Madhya Pradesh, SEHORE,Wheat,Whole Year ,192079.0,614486.0,0.31258482699361745
284,Madhya Pradesh, SEONI,Rice,Whole Year ,116827.0,465065.0,0.25120574543343405
285,Madhya Pradesh, SEONI,Soyabean,Whole Year ,113239.0,465065.0,0.24349069484910713
286,Madhya Pradesh, SHAHDOL,Rice,Whole Year ,101223.0,162126.0,0.6243477295436882
287,Madhya Pradesh, SHAHDOL,Wheat,Whole Year ,24140.0,162126.0,0.14889653726114258
288,Madhya Pradesh, SHAJAPUR,Soyabean,Whole Year ,340534.0,634023.0,0.5371003891026035
289,Madhya Pradesh, SHAJAPUR,Gram,Whole Year ,151994.0,634023.0,0.239729473536449
290,Madhya Pradesh, SHEOPUR,Wheat,Whole Year ,47120.0,124254.0,0.37922320408196114
291,Madhya Pradesh, SHEOPUR,Sesamum,Whole Year ,27605.0,124254.0,0.2221658860076939
292,Madhya Pradesh, SHIVPURI,Wheat,Whole Year ,139816.0,463245.0,0.30181869205280143
293,Madhya Pradesh, SHIVPURI,Soyabean,Whole Year ,118955.0,463245.0,0.25678636574598757
294,Madhya Pradesh, SIDHI,Rice,Whole Year ,70274.0,195554.0,0.3593585403520255
295,Madhya Pradesh, SIDHI,Wheat,Whole Year ,55104.0,195554.0,0.281784059645929
296,Madhya Pradesh, SINGRAULI,Rice,Whole Year ,46126.0,179028.0,0.2576468485376589
297,Madhya Pradesh, SINGRAULI,Wheat,Whole Year ,32340.0,179028.0,0.18064213419129968
298,Madhya Pradesh, TIKAMGARH,Wheat,Whole Year ,100959.0,274376.0,0.36795856780476427
299,Madhya Pradesh, TIKAMGARH,Sesamum,Whole Year ,38251.0,274376.0,0.13941088141819985
300,Madhya Pradesh, UJJAIN,Soyabean,Whole Year ,453838.0,799011.0,0.5679996896162881
301,Madhya Pradesh, UJJAIN,Gram,Whole Year ,202956.0,799011.0,0.2540090186493052
302,Madhya Pradesh, UMARIA,Rice,Whole Year ,37722.0,104297.0,0.361678667651035
303,Madhya Pradesh, UMARIA,Wheat,Whole Year ,26237.0,104297.0,0.2515604475680029
304,Madhya Pradesh, VIDISHA,Soyabean,Whole Year ,217852.0,709938.0,0.3068605990945688
305,Madhya Pradesh, VIDISHA,Gram,Whole Year ,202087.0,709938.0,0.2846544346126
306,Maharashtra, AHMEDNAGAR,Jowar,Rabi       ,520500.0,777900.0,0.6691091399922869
307,Maharashtra, AHMEDNAGAR,Wheat,Rabi       ,129500.0,777900.0,0.16647383982517033
308,Maharashtra, AKOLA,Gram,Rabi       ,63500.0,103900.0,0.6111645813282002
309,Maharashtra, AKOLA,Wheat,Rabi       ,35400.0,103900.0,0.34071222329162654
310,Maharashtra, AMRAVATI,Gram,Rabi       ,90400.0,154500.0,0.5851132686084143
311,Maharashtra, AMRAVATI,Wheat,Rabi       ,49300.0,154500.0,0.31909385113268607
312,Maharashtra, AURANGABAD,Jowar,Rabi       ,171800.0,288400.0,0.5957004160887656
313,Maharashtra, AURANGABAD,Gram,Rabi       ,57200.0,288400.0,0.19833564493758668
314,Maharashtra, BEED,Jowar,Rabi       ,207000.0,359600.0,0.5756395995550612
315,Maharashtra, BEED,Gram,Rabi       ,67300.0,359600.0,0.1871523915461624
316,Maharashtra, BHANDARA,Wheat,Rabi       ,9600.0,21000.0,0.45714285714285713
317,Maharashtra, BHANDARA,Gram,Rabi       ,7600.0,21000.0,0.3619047619047619
318,Maharashtra, BULDHANA,Gram,Rabi       ,75300.0,141600.0,0.5317796610169492
319,Maharashtra, BULDHANA,Wheat,Rabi       ,46000.0,141600.0,0.3248587570621469
320,Maharashtra, CHANDRAPUR,Gram,Rabi       ,30300.0,71800.0,0.4220055710306407
321,Maharashtra, CHANDRAPUR,Wheat,Rabi       ,25700.0,71800.0,0.3579387186629526
322,Maharashtra, DHULE,Wheat,Rabi       ,28800.0,61900.0,0.46526655896607433
323,Maharashtra, DHULE,Gram,Rabi       ,20800.0,61900.0,0.3360258481421648
324,Maharashtra, GADCHIROLI,Jowar,Rabi       ,3600.0,9500.0,0.37894736842105264
325,Maharashtra, GADCHIROLI,Linseed,Rabi       ,1800.0,9500.0,0.18947368421052632
326,Maharashtra, GONDIA,Linseed,Rabi       ,6600.0,12500.0,0.528
327,Maharashtra, GONDIA,Gram,Rabi       ,3500.0,12500.0,0.28
328,Maharashtra, HINGOLI,Gram,Rabi       ,32500.0,99600.0,0.32630522088353414
329,Maharashtra, HINGOLI,Jowar,Rabi       ,23300.0,99600.0,0.23393574297188754
330,Maharashtra, JALGAON,Gram,Rabi       ,57300.0,174300.0,0.3287435456110155
331,Maharashtra, JALGAON,Jowar,Rabi       ,53500.0,174300.0,0.30694205393000573
332,Maharashtra, JALNA,Jowar,Rabi       ,145100.0,206200.0,0.7036857419980601
333,Maharashtra, JALNA,Gram,Rabi       ,22400.0,206200.0,0.10863239573229874
334,Maharashtra, KOLHAPUR,Jowar,Rabi       ,12800.0,36400.0,0.3516483516483517
335,Maharashtra, KOLHAPUR,Gram,Rabi       ,9000.0,36400.0,0.24725274725274726
336,Maharashtra, LATUR,Gram,Rabi       ,63100.0,169000.0,0.37337278106508875
337,Maharashtra, LATUR,Jowar,Rabi       ,29100.0,169000.0,0.17218934911242603
338,Maharashtra, NAGPUR,Gram,Rabi       ,73800.0,135600.0,0.5442477876106194
339,Maharashtra, NAGPUR,Wheat,Rabi       ,57000.0,135600.0,0.42035398230088494
340,Maharashtra, NANDED,Gram,Rabi       ,48400.0,111300.0,0.4348607367475292
341,Maharashtra, NANDED,Jowar,Rabi       ,29600.0,111300.0,0.265947888589398
342,Maharashtra, NANDURBAR,Jowar,Rabi       ,29700.0,76600.0,0.3877284595300261
343,Maharashtra, NANDURBAR,Gram,Rabi       ,24100.0,76600.0,0.31462140992167104
344,Maharashtra, NASHIK,Wheat,Rabi       ,73000.0,124600.0,0.5858747993579454
345,Maharashtra, NASHIK,Gram,Rabi       ,39300.0,124600.0,0.31540930979133225
346,Maharashtra, OSMANABAD,Jowar,Rabi       ,264900.0,448800.0,0.5902406417112299
347,Maharashtra, OSMANABAD,Gram,Rabi       ,69800.0,448800.0,0.15552584670231728
348,Maharashtra, PARBHANI,Jowar,Rabi       ,172500.0,299600.0,0.5757676902536716
349,Maharashtra, PARBHANI,Gram,Rabi       ,48200.0,299600.0,0.16088117489986647
350,Maharashtra, PUNE,Jowar,Rabi       ,426500.0,556500.0,0.766397124887691
351,Maharashtra, PUNE,Wheat,Rabi       ,59600.0,556500.0,0.10709793351302785
352,Maharashtra, RAIGAD,Gram,Rabi       ,2000.0,2000.0,1.0
353,Maharashtra, RATNAGIRI,Maize,Rabi       ,100.0,100.0,1.0
354,Maharashtra, SANGLI,Jowar,Rabi       ,186100.0,284400.0,0.6543600562587905
355,Maharashtra, SANGLI,Wheat,Rabi       ,34300.0,284400.0,0.12060478199718706
356,Maharashtra, SATARA,Jowar,Rabi       ,134400.0,212700.0,0.6318758815232722
357,Maharashtra, SATARA,Wheat,Rabi       ,42000.0,212700.0,0.19746121297602257
358,Maharashtra, SINDHUDURG,Maize,Rabi       ,200.0,200.0,1.0
359,Maharashtra, SOLAPUR,Jowar,Rabi       ,657600.0,834200.0,0.7883001678254615
360,Maharashtra, SOLAPUR,Wheat,Rabi       ,80400.0,834200.0,0.09637976504435387
361,Maharashtra, THANE,Gram,Rabi       ,4400.0,5000.0,0.88
362,Maharashtra, THANE,Sesamum,Rabi       ,400.0,5000.0,0.08
363,Maharashtra, WARDHA,Gram,Rabi       ,26600.0,51500.0,0.516504854368932
364,Maharashtra, WARDHA,Wheat,Rabi       ,23500.0,51500.0,0.4563106796116505
365,Maharashtra, WASHIM,Gram,Rabi       ,59400.0,75900.0,0.782608695652174
366,Maharashtra, WASHIM,Wheat,Rabi       ,15300.0,75900.0,0.2015810276679842
367,Maharashtra, YAVATMAL,Gram,Rabi       ,27600.0,45900.0,0.6013071895424836
368,Maharashtra, YAVATMAL,Wheat,Rabi       ,18000.0,45900.0,0.39215686274509803
369,Punjab, AMRITSAR,Wheat,Rabi       ,185000.0,188000.0,0.9840425531914894
370,Punjab, AMRITSAR,Sugarcane,Whole Year ,3000.0,188000.0,0.015957446808510637
371,Punjab, BARNALA,Wheat,Rabi       ,114000.0,115300.0,0.9887250650477016
372,Punjab, BARNALA,Barley,Rabi       ,1000.0,115300.0,0.008673026886383347
373,Punjab, BATHINDA,Wheat,Rabi       ,251000.0,253300.0,0.9909198578760363
374,Punjab, BATHINDA,Barley,Rabi       ,2000.0,253300.0,0.007895775759968417
375,Punjab, FARIDKOT,Wheat,Rabi       ,117000.0,117000.0,1.0
376,Punjab, FATEHGARH SAHIB,Wheat,Rabi       ,85000.0,87000.0,0.9770114942528736
377,Punjab, FATEHGARH SAHIB,Sugarcane,Whole Year ,2000.0,87000.0,0.022988505747126436
378,Punjab, FIROZEPUR,Wheat,Rabi       ,395000.0,401300.0,0.9843010216795415
379,Punjab, FIROZEPUR,Barley,Rabi       ,4000.0,401300.0,0.0099676052828308
380,Punjab, GURDASPUR,Wheat,Rabi       ,230000.0,249500.0,0.9218436873747495
381,Punjab, GURDASPUR,Sugarcane,Whole Year ,19000.0,249500.0,0.07615230460921844
382,Punjab, HOSHIARPUR,Wheat,Rabi       ,153000.0,168000.0,0.9107142857142857
383,Punjab, HOSHIARPUR,Sugarcane,Whole Year ,14000.0,168000.0,0.08333333333333333
384,Punjab, JALANDHAR,Wheat,Rabi       ,170000.0,177100.0,0.9599096555618295
385,Punjab, JALANDHAR,Sugarcane,Whole Year ,7000.0,177100.0,0.039525691699604744
386,Punjab, KAPURTHALA,Wheat,Rabi       ,111000.0,114000.0,0.9736842105263158
387,Punjab, KAPURTHALA,Sugarcane,Whole Year ,3000.0,114000.0,0.02631578947368421
388,Punjab, LUDHIANA,Wheat,Rabi       ,259000.0,262300.0,0.9874189858940144
389,Punjab, LUDHIANA,Barley,Rabi       ,2000.0,262300.0,0.007624857033930614
390,Punjab, MANSA,Wheat,Rabi       ,170000.0,171200.0,0.9929906542056075
391,Punjab, MANSA,Barley,Rabi       ,1000.0,171200.0,0.005841121495327103
392,Punjab, MOGA,Wheat,Rabi       ,177000.0,177000.0,1.0
393,Punjab, MUKTSAR,Wheat,Rabi       ,205000.0,206200.0,0.9941804073714839
394,Punjab, MUKTSAR,Barley,Rabi       ,1000.0,206200.0,0.004849660523763337
395,Punjab, NAWANSHAHR,Wheat,Rabi       ,74000.0,79000.0,0.9367088607594937
396,Punjab, NAWANSHAHR,Sugarcane,Whole Year ,5000.0,79000.0,0.06329113924050633
397,Punjab, PATIALA,Wheat,Rabi       ,235000.0,237600.0,0.9890572390572391
398,Punjab, PATIALA,Barley,Rabi       ,1000.0,237600.0,0.004208754208754209
399,Punjab, RUPNAGAR,Wheat,Rabi       ,65000.0,67100.0,0.9687034277198212
400,Punjab, RUPNAGAR,Sugarcane,Whole Year ,2000.0,67100.0,0.029806259314456036
401,Punjab, SANGRUR,Wheat,Rabi       ,287000.0,290200.0,0.988973121984838
402,Punjab, SANGRUR,Barley,Rabi       ,2000.0,290200.0,0.006891798759476223
403,Punjab, SAS NAGAR,Wheat,Rabi       ,53000.0,54400.0,0.9742647058823529
404,Punjab, SAS NAGAR,Sugarcane,Whole Year ,1000.0,54400.0,0.01838235294117647
405,Punjab, TARN TARAN,Wheat,Rabi       ,186000.0,186200.0,0.9989258861439313
406,Punjab, TARN TARAN,Masoor,Rabi       ,100.0,186200.0,0.0005370569280343716
407,Rajasthan, AJMER,Wheat,Rabi       ,8761.0,23827.0,0.36769211398833257
408,Rajasthan, AJMER,Guar seed,Whole Year ,8634.0,23827.0,0.36236202627271585
409,Rajasthan, ALWAR,Wheat,Rabi       ,192800.0,247772.0,0.778134736774131
410,Rajasthan, ALWAR,Guar seed,Whole Year ,28868.0,247772.0,0.11651034015142954
411,Rajasthan, BANSWARA,Wheat,Rabi       ,80466.0,98421.0,0.8175694211601182
412,Rajasthan, BANSWARA,Gram,Rabi       ,12904.0,98421.0,0.13111023054023024
413,Rajasthan, BARAN,Wheat,Rabi       ,105609.0,111216.0,0.9495845921450151
414,Rajasthan, BARAN,Gram,Rabi       ,4234.0,111216.0,0.038070061861602646
415,Rajasthan, BARMER,Guar seed,Whole Year ,367347.0,383151.0,0.9587525544759116
416,Rajasthan, BARMER,Wheat,Rabi       ,15200.0,383151.0,0.03967104353114046
417,Rajasthan, BHARATPUR,Wheat,Rabi       ,160732.0,181723.0,0.8844890300072088
418,Rajasthan, BHARATPUR,Gram,Rabi       ,6600.0,181723.0,0.036319013003307234
419,Rajasthan, BHILWARA,Wheat,Rabi       ,38384.0,66848.0,0.5741981809478219
420,Rajasthan, BHILWARA,Guar seed,Whole Year ,13331.0,66848.0,0.19942257060794638
421,Rajasthan, BIKANER,Guar seed,Whole Year ,646533.0,826718.0,0.78204780832158
422,Rajasthan, BIKANER,Gram,Rabi       ,118711.0,826718.0,0.1435930994607593
423,Rajasthan, BUNDI,Wheat,Rabi       ,107862.0,135941.0,0.7934471572226186
424,Rajasthan, BUNDI,Masoor,Rabi       ,12496.0,135941.0,0.09192223096784634
425,Rajasthan, CHITTORGARH,Wheat,Rabi       ,65075.0,80259.0,0.8108124945488979
426,Rajasthan, CHITTORGARH,Gram,Rabi       ,4519.0,80259.0,0.05630521187654967
427,Rajasthan, CHURU,Guar seed,Whole Year ,294579.0,484637.0,0.6078343172312473
428,Rajasthan, CHURU,Gram,Rabi       ,162383.0,484637.0,0.33506108695786746
429,Rajasthan, DAUSA,Wheat,Rabi       ,83956.0,113220.0,0.7415297650591768
430,Rajasthan, DAUSA,Guar seed,Whole Year ,8280.0,113220.0,0.07313195548489666
431,Rajasthan, DHOLPUR,Wheat,Rabi       ,56832.0,68253.0,0.8326666959694079
432,Rajasthan, DHOLPUR,Potato,Whole Year ,4360.0,68253.0,0.06387997597175216
433,Rajasthan, DUNGARPUR,Wheat,Rabi       ,36010.0,54359.0,0.6624478007321695
434,Rajasthan, DUNGARPUR,Gram,Rabi       ,13409.0,54359.0,0.24667488364392282
435,Rajasthan, GANGANAGAR,Wheat,Rabi       ,202210.0,478194.0,0.4228618510479011
436,Rajasthan, GANGANAGAR,Guar seed,Whole Year ,152243.0,478194.0,0.3183707867518204
437,Rajasthan, HANUMANGARH,Wheat,Rabi       ,217397.0,584444.0,0.3719723361006358
438,Rajasthan, HANUMANGARH,Guar seed,Whole Year ,195932.0,584444.0,0.33524512185940825
439,Rajasthan, JAIPUR,Wheat,Rabi       ,139226.0,263781.0,0.5278090537225957
440,Rajasthan, JAIPUR,Guar seed,Whole Year ,55180.0,263781.0,0.20918868303630664
441,Rajasthan, JAISALMER,Guar seed,Whole Year ,317496.0,382233.0,0.8306347175675569
442,Rajasthan, JAISALMER,Gram,Rabi       ,52675.0,382233.0,0.13780861411756704
443,Rajasthan, JALORE,Guar seed,Whole Year ,54891.0,88832.0,0.6179192182997119
444,Rajasthan, JALORE,Wheat,Rabi       ,30967.0,88832.0,0.3486018551873199
445,Rajasthan, JHALAWAR,Wheat,Rabi       ,67915.0,119773.0,0.5670309669124093
446,Rajasthan, JHALAWAR,Gram,Rabi       ,46093.0,119773.0,0.38483631536322876
447,Rajasthan, JHUNJHUNU,Wheat,Rabi       ,79516.0,206948.0,0.38423178769545974
448,Rajasthan, JHUNJHUNU,Guar seed,Whole Year ,60244.0,206948.0,0.29110694473974136
449,Rajasthan, JODHPUR,Guar seed,Whole Year ,132801.0,187104.0,0.7097710364289379
450,Rajasthan, JODHPUR,Wheat,Rabi       ,53143.0,187104.0,0.28402920301009066
451,Rajasthan, KARAULI,Wheat,Rabi       ,73134.0,102945.0,0.7104181844674341
452,Rajasthan, KARAULI,Gram,Rabi       ,21115.0,102945.0,0.20510952450337558
453,Rajasthan, KOTA,Wheat,Rabi       ,91999.0,100711.0,0.9134950501931268
454,Rajasthan, KOTA,Gram,Rabi       ,6742.0,100711.0,0.0669440279611959
455,Rajasthan, NAGAUR,Guar seed,Whole Year ,85348.0,193443.0,0.44120490273620655
456,Rajasthan, NAGAUR,Wheat,Rabi       ,77165.0,193443.0,0.39890303603645516
457,Rajasthan, PALI,Guar seed,Whole Year ,47572.0,73980.0,0.6430386590970533
458,Rajasthan, PALI,Wheat,Rabi       ,24350.0,73980.0,0.32914301162476345
459,Rajasthan, PRATAPGARH,Wheat,Rabi       ,47698.0,78469.0,0.6078578801819827
460,Rajasthan, PRATAPGARH,Gram,Rabi       ,24260.0,78469.0,0.30916667728657177
461,Rajasthan, RAJSAMAND,Wheat,Rabi       ,6461.0,13038.0,0.49555146494861174
462,Rajasthan, RAJSAMAND,Guar seed,Whole Year ,4557.0,13038.0,0.349516797054763
463,Rajasthan, SAWAI MADHOPUR,Wheat,Rabi       ,61185.0,97709.0,0.6261961538855172
464,Rajasthan, SAWAI MADHOPUR,Gram,Rabi       ,26832.0,97709.0,0.27461134593537956
465,Rajasthan, SIKAR,Wheat,Rabi       ,90628.0,218971.0,0.4138812902165127
466,Rajasthan, SIKAR,Guar seed,Whole Year ,67199.0,218971.0,0.30688538664937365
467,Rajasthan, SIROHI,Wheat,Rabi       ,18016.0,32775.0,0.5496872616323417
468,Rajasthan, SIROHI,Guar seed,Whole Year ,13280.0,32775.0,0.4051868802440885
469,Rajasthan, TONK,Wheat,Rabi       ,39926.0,90077.0,0.4432430032083662
470,Rajasthan, TONK,other oilseeds,Rabi       ,29524.0,90077.0,0.32776402411270356
471,Rajasthan, UDAIPUR,Wheat,Rabi       ,32201.0,55167.0,0.583700400601809
472,Rajasthan, UDAIPUR,Guar seed,Whole Year ,12911.0,55167.0,0.2340348396686425
473,Uttar Pradesh, AGRA,Wheat,Rabi       ,138121.0,202059.0,0.6835676708288173
474,Uttar Pradesh, AGRA,Potato,Rabi       ,55230.0,202059.0,0.2733360058200823
475,Uttar Pradesh, ALIGARH,Wheat,Rabi       ,224169.0,254290.0,0.881548625584962
476,Uttar Pradesh, ALIGARH,Potato,Rabi       ,20051.0,254290.0,0.07885091824295096
477,Uttar Pradesh, ALLAHABAD,Wheat,Rabi       ,208376.0,261782.0,0.7959905570283671
478,Uttar Pradesh, ALLAHABAD,Gram,Rabi       ,17249.0,261782.0,0.06589070295131064
479,Uttar Pradesh, AMBEDKAR NAGAR,Wheat,Rabi       ,116213.0,127199.0,0.9136313964732428
480,Uttar Pradesh, AMBEDKAR NAGAR,Potato,Rabi       ,3908.0,127199.0,0.03072351197729542
481,Uttar Pradesh, AMROHA,Wheat,Rabi       ,97745.0,101546.0,0.9625686880822485
482,Uttar Pradesh, AMROHA,Potato,Rabi       ,3413.0,101546.0,0.03361038347153014
483,Uttar Pradesh, AURAIYA,Wheat,Rabi       ,99599.0,112803.0,0.8829463755396576
484,Uttar Pradesh, AURAIYA,Gram,Rabi       ,6299.0,112803.0,0.05584071345620241
485,Uttar Pradesh, AZAMGARH,Wheat,Rabi       ,234688.0,255527.0,0.9184469742923448
486,Uttar Pradesh, AZAMGARH,Peas & beans (Pulses),Rabi       ,7259.0,255527.0,0.028407956889095868
487,Uttar Pradesh, BAGHPAT,Wheat,Rabi       ,56057.0,56480.0,0.9925106232294617
488,Uttar Pradesh, BAGHPAT,Potato,Rabi       ,251.0,56480.0,0.004444050991501416
489,Uttar Pradesh, BAHRAICH,Wheat,Rabi       ,157487.0,204831.0,0.7688631115407336
490,Uttar Pradesh, BAHRAICH,Masoor,Rabi       ,42952.0,204831.0,0.2096948215846234
491,Uttar Pradesh, BALLIA,Wheat,Rabi       ,140294.0,176633.0,0.7942683417028528
492,Uttar Pradesh, BALLIA,Masoor,Rabi       ,18836.0,176633.0,0.10663918973238297
493,Uttar Pradesh, BALRAMPUR,Wheat,Rabi       ,81758.0,110498.0,0.7399047946569168
494,Uttar Pradesh, BALRAMPUR,Masoor,Rabi       ,24229.0,110498.0,0.2192709370305345
495,Uttar Pradesh, BANDA,Wheat,Rabi       ,141321.0,280241.0,0.5042838128610732
496,Uttar Pradesh, BANDA,Gram,Rabi       ,98876.0,280241.0,0.3528248900053882
497,Uttar Pradesh, BARABANKI,Wheat,Rabi       ,159451.0,191938.0,0.8307422188415009
498,Uttar Pradesh, BARABANKI,Potato,Rabi       ,15212.0,191938.0,0.07925475934937323
499,Uttar Pradesh, BAREILLY,Wheat,Rabi       ,217227.0,227515.0,0.9547810034503219
500,Uttar Pradesh, BAREILLY,Masoor,Rabi       ,5457.0,227515.0,0.023985231742962004
501,Uttar Pradesh, BASTI,Wheat,Rabi       ,114943.0,126845.0,0.9061689463518467
502,Uttar Pradesh, BASTI,Peas & beans (Pulses),Rabi       ,5385.0,126845.0,0.04245338799322007
503,Uttar Pradesh, BIJNOR,Wheat,Rabi       ,106194.0,108302.0,0.9805359088474821
504,Uttar Pradesh, BIJNOR,Masoor,Rabi       ,1142.0,108302.0,0.010544588280918173
505,Uttar Pradesh, BUDAUN,Wheat,Rabi       ,311520.0,334131.0,0.9323289368541081
506,Uttar Pradesh, BUDAUN,Potato,Rabi       ,15108.0,334131.0,0.04521579859396464
507,Uttar Pradesh, BULANDSHAHR,Wheat,Rabi       ,195439.0,212398.0,0.9201546153918587
508,Uttar Pradesh, BULANDSHAHR,Barley,Rabi       ,8013.0,212398.0,0.03772634393920847
509,Uttar Pradesh, CHANDAULI,Wheat,Rabi       ,97225.0,113346.0,0.8577717784482911
510,Uttar Pradesh, CHANDAULI,Masoor,Rabi       ,9382.0,113346.0,0.0827731018297955
511,Uttar Pradesh, CHITRAKOOT,Wheat,Rabi       ,51978.0,123532.0,0.42076546967587347
512,Uttar Pradesh, CHITRAKOOT,Gram,Rabi       ,42954.0,123532.0,0.34771557167373635
513,Uttar Pradesh, DEORIA,Wheat,Rabi       ,147477.0,154398.0,0.955174289822407
514,Uttar Pradesh, DEORIA,Potato,Rabi       ,2501.0,154398.0,0.016198396352284355
515,Uttar Pradesh, ETAH,Wheat,Rabi       ,135064.0,160519.0,0.8414206417931833
516,Uttar Pradesh, ETAH,Barley,Rabi       ,8480.0,160519.0,0.05282863710837969
517,Uttar Pradesh, ETAWAH,Wheat,Rabi       ,93568.0,112952.0,0.8283872795523762
518,Uttar Pradesh, ETAWAH,Potato,Rabi       ,14408.0,112952.0,0.1275586089666407
519,Uttar Pradesh, FAIZABAD,Wheat,Rabi       ,108013.0,119469.0,0.9041090157279295
520,Uttar Pradesh, FAIZABAD,Potato,Rabi       ,3906.0,119469.0,0.03269467393214976
521,Uttar Pradesh, FARRUKHABAD,Wheat,Rabi       ,72185.0,112401.0,0.6422095888826612
522,Uttar Pradesh, FARRUKHABAD,Potato,Rabi       ,29841.0,112401.0,0.26548696185976994
523,Uttar Pradesh, FATEHPUR,Wheat,Rabi       ,161632.0,224085.0,0.7212977218466207
524,Uttar Pradesh, FATEHPUR,Gram,Rabi       ,46712.0,224085.0,0.20845661244616998
525,Uttar Pradesh, FIROZABAD,Wheat,Rabi       ,105758.0,159827.0,0.6617029663323468
526,Uttar Pradesh, FIROZABAD,Potato,Rabi       ,45267.0,159827.0,0.2832249870172124
527,Uttar Pradesh, GAUTAM BUDDHA NAGAR,Wheat,Rabi       ,51450.0,54228.0,0.9487718521796857
528,Uttar Pradesh, GAUTAM BUDDHA NAGAR,Barley,Rabi       ,2308.0,54228.0,0.04256103857785646
529,Uttar Pradesh, GHAZIABAD,Wheat,Rabi       ,76071.0,81051.0,0.9385572047229522
530,Uttar Pradesh, GHAZIABAD,Potato,Rabi       ,4352.0,81051.0,0.0536945873585767
531,Uttar Pradesh, GHAZIPUR,Wheat,Rabi       ,169681.0,205322.0,0.8264141202598845
532,Uttar Pradesh, GHAZIPUR,Masoor,Rabi       ,10578.0,205322.0,0.05151907735167201
533,Uttar Pradesh, GONDA,Wheat,Rabi       ,159290.0,183614.0,0.8675264413388958
534,Uttar Pradesh, GONDA,Masoor,Rabi       ,14480.0,183614.0,0.07886108902371279
535,Uttar Pradesh, GORAKHPUR,Wheat,Rabi       ,189211.0,200229.0,0.9449730059082351
536,Uttar Pradesh, GORAKHPUR,Potato,Rabi       ,4638.0,200229.0,0.023163477817898508
537,Uttar Pradesh, HAMIRPUR,Wheat,Rabi       ,89212.0,239488.0,0.3725113575628006
538,Uttar Pradesh, HAMIRPUR,Gram,Rabi       ,77955.0,239488.0,0.3255069147514698
539,Uttar Pradesh, HARDOI,Wheat,Rabi       ,330637.0,356115.0,0.9284556954916249
540,Uttar Pradesh, HARDOI,Potato,Rabi       ,11909.0,356115.0,0.033441444477205394
541,Uttar Pradesh, HATHRAS,Wheat,Rabi       ,85579.0,127608.0,0.670639771801141
542,Uttar Pradesh, HATHRAS,Potato,Rabi       ,39142.0,127608.0,0.30673625478026456
543,Uttar Pradesh, JALAUN,Wheat,Rabi       ,143554.0,299214.0,0.4797703316021309
544,Uttar Pradesh, JALAUN,Masoor,Rabi       ,57724.0,299214.0,0.1929187805383438
545,Uttar Pradesh, JAUNPUR,Wheat,Rabi       ,201324.0,223481.0,0.9008551062506432
546,Uttar Pradesh, JAUNPUR,Potato,Rabi       ,11372.0,223481.0,0.05088575762592793
547,Uttar Pradesh, JHANSI,Wheat,Rabi       ,128909.0,274626.0,0.469398381799247
548,Uttar Pradesh, JHANSI,Masoor,Rabi       ,50693.0,274626.0,0.1845892231616817
549,Uttar Pradesh, KANNAUJ,Wheat,Rabi       ,72427.0,120182.0,0.6026443227771213
550,Uttar Pradesh, KANNAUJ,Potato,Rabi       ,44727.0,120182.0,0.3721605564893245
551,Uttar Pradesh, KANPUR DEHAT,Wheat,Rabi       ,119223.0,156430.0,0.7621492041168574
552,Uttar Pradesh, KANPUR DEHAT,Gram,Rabi       ,25908.0,156430.0,0.16562040529310235
553,Uttar Pradesh, KANPUR NAGAR,Wheat,Rabi       ,100134.0,137556.0,0.7279507982203611
554,Uttar Pradesh, KANPUR NAGAR,Gram,Rabi       ,14948.0,137556.0,0.10866846956875745
555,Uttar Pradesh, KASGANJ,Wheat,Rabi       ,94515.0,108268.0,0.8729726234898585
556,Uttar Pradesh, KASGANJ,Tobacco,Rabi       ,4740.0,108268.0,0.04378024901171168
557,Uttar Pradesh, KAUSHAMBI,Wheat,Rabi       ,70698.0,92059.0,0.7679640230721603
558,Uttar Pradesh, KAUSHAMBI,Gram,Rabi       ,12976.0,92059.0,0.14095308443498192
559,Uttar Pradesh, KHERI,Wheat,Rabi       ,202431.0,226915.0,0.8921005662913426
560,Uttar Pradesh, KHERI,Masoor,Rabi       ,21599.0,226915.0,0.0951854218539982
561,Uttar Pradesh, KUSHI NAGAR,Wheat,Rabi       ,115798.0,120751.0,0.9589817061556426
562,Uttar Pradesh, KUSHI NAGAR,Masoor,Rabi       ,2513.0,120751.0,0.02081142185157887
563,Uttar Pradesh, LALITPUR,Wheat,Rabi       ,116621.0,249534.0,0.46735514999959926
564,Uttar Pradesh, LALITPUR,Peas & beans (Pulses),Rabi       ,65849.0,249534.0,0.2638878870214079
565,Uttar Pradesh, LUCKNOW,Wheat,Rabi       ,85135.0,94558.0,0.900346877049007
566,Uttar Pradesh, LUCKNOW,Potato,Rabi       ,4811.0,94558.0,0.05087882569428288
567,Uttar Pradesh, MAHARAJGANJ,Wheat,Rabi       ,147110.0,161546.0,0.9106384559196762
568,Uttar Pradesh, MAHARAJGANJ,Masoor,Rabi       ,10098.0,161546.0,0.06250851150755822
569,Uttar Pradesh, MAHOBA,Gram,Rabi       ,73161.0,196037.0,0.373199957150946
570,Uttar Pradesh, MAHOBA,Wheat,Rabi       ,66084.0,196037.0,0.33709962915163977
571,Uttar Pradesh, MAINPURI,Wheat,Rabi       ,143887.0,165465.0,0.8695917565648325
572,Uttar Pradesh, MAINPURI,Potato,Rabi       ,17405.0,165465.0,0.10518840842474239
573,Uttar Pradesh, MATHURA,Wheat,Rabi       ,191200.0,212958.0,0.8978296189859033
574,Uttar Pradesh, MATHURA,Potato,Rabi       ,13482.0,212958.0,0.06330825796635957
575,Uttar Pradesh, MAU,Wheat,Rabi       ,94791.0,102322.0,0.9263990148746115
576,Uttar Pradesh, MAU,Barley,Rabi       ,2413.0,102322.0,0.023582416293661188
577,Uttar Pradesh, MEERUT,Wheat,Rabi       ,81622.0,87921.0,0.9283561378965207
578,Uttar Pradesh, MEERUT,Potato,Rabi       ,5701.0,87921.0,0.06484230161167412
579,Uttar Pradesh, MIRZAPUR,Wheat,Rabi       ,94173.0,127389.0,0.7392553517179662
580,Uttar Pradesh, MIRZAPUR,Gram,Rabi       ,14136.0,127389.0,0.11096719496973836
581,Uttar Pradesh, MORADABAD,Wheat,Rabi       ,204774.0,215075.0,0.9521050796233872
582,Uttar Pradesh, MORADABAD,Potato,Rabi       ,8848.0,215075.0,0.04113913751017087
583,Uttar Pradesh, MUZAFFARNAGAR,Wheat,Rabi       ,133556.0,137110.0,0.9740792064765517
584,Uttar Pradesh, MUZAFFARNAGAR,Potato,Rabi       ,2507.0,137110.0,0.018284589016118444
585,Uttar Pradesh, PILIBHIT,Wheat,Rabi       ,158573.0,163061.0,0.9724765578525828
586,Uttar Pradesh, PILIBHIT,Masoor,Rabi       ,3449.0,163061.0,0.02115159357541043
587,Uttar Pradesh, PRATAPGARH,Wheat,Rabi       ,144989.0,159658.0,0.9081223615478085
588,Uttar Pradesh, PRATAPGARH,Potato,Rabi       ,5430.0,159658.0,0.034010196795650705
589,Uttar Pradesh, RAE BARELI,Wheat,Rabi       ,189172.0,208092.0,0.9090786767391346
590,Uttar Pradesh, RAE BARELI,Gram,Rabi       ,6455.0,208092.0,0.031019933490955925
591,Uttar Pradesh, RAMPUR,Wheat,Rabi       ,148645.0,153332.0,0.9694323428899382
592,Uttar Pradesh, RAMPUR,Potato,Rabi       ,2169.0,153332.0,0.014145775180653745
593,Uttar Pradesh, SAHARANPUR,Wheat,Rabi       ,112619.0,115575.0,0.9744235345014061
594,Uttar Pradesh, SAHARANPUR,Masoor,Rabi       ,2201.0,115575.0,0.019043910880380707
595,Uttar Pradesh, SANT KABEER NAGAR,Wheat,Rabi       ,91717.0,98595.0,0.9302398701759724
596,Uttar Pradesh, SANT KABEER NAGAR,Peas & beans (Pulses),Rabi       ,3256.0,98595.0,0.03302398701759724
597,Uttar Pradesh, SANT RAVIDAS NAGAR,Wheat,Rabi       ,48144.0,51465.0,0.9354707082483241
598,Uttar Pradesh, SANT RAVIDAS NAGAR,Potato,Rabi       ,1191.0,51465.0,0.023141941125036432
599,Uttar Pradesh, SHAHJAHANPUR,Wheat,Rabi       ,259172.0,294118.0,0.8811837425795089
600,Uttar Pradesh, SHAHJAHANPUR,Masoor,Rabi       ,22962.0,294118.0,0.07807070631515242
601,Uttar Pradesh, SHRAVASTI,Wheat,Rabi       ,58266.0,80486.0,0.7239271426086524
602,Uttar Pradesh, SHRAVASTI,Masoor,Rabi       ,20658.0,80486.0,0.2566657555351241
603,Uttar Pradesh, SIDDHARTH NAGAR,Wheat,Rabi       ,166621.0,177021.0,0.9412499082029816
604,Uttar Pradesh, SIDDHARTH NAGAR,Masoor,Rabi       ,3518.0,177021.0,0.01987334835979912
605,Uttar Pradesh, SITAPUR,Wheat,Rabi       ,223901.0,256272.0,0.8736849909471187
606,Uttar Pradesh, SITAPUR,Masoor,Rabi       ,22924.0,256272.0,0.0894518324280452
607,Uttar Pradesh, SONBHADRA,Wheat,Rabi       ,56692.0,90911.0,0.6235989044230071
608,Uttar Pradesh, SONBHADRA,Gram,Rabi       ,8806.0,90911.0,0.09686396585671701
609,Uttar Pradesh, SULTANPUR,Wheat,Rabi       ,169281.0,200320.0,0.8450529153354632
610,Uttar Pradesh, SULTANPUR,Peas & beans (Pulses),Rabi       ,8972.0,200320.0,0.044788338658146964
611,Uttar Pradesh, UNNAO,Wheat,Rabi       ,236773.0,253050.0,0.9356767437265363
612,Uttar Pradesh, UNNAO,Potato,Rabi       ,8173.0,253050.0,0.03229796482908516
613,Uttar Pradesh, VARANASI,Wheat,Rabi       ,70988.0,80226.0,0.8848502979084087
614,Uttar Pradesh, VARANASI,Potato,Rabi       ,3450.0,80226.0,0.04300351506992745
